movies,years,ratings,links,times,genre,directors,directors_webpage,recommender_movies
The Shawshank Redemption,1994,9.2,https://www.imdb.com//title/tt0111161/,2h 22m,Drama,Frank Darabont,https://www.imdb.com/name/nm0001104/?ref_=tt_ov_dr,"['The Green Mile', 'The Walking Dead', 'The Mist']"
The Godfather,1972,9.2,https://www.imdb.com//title/tt0068646/,2h 55m,Crime,Francis Ford Coppola,https://www.imdb.com/name/nm0000338/?ref_=tt_ov_dr,"['The Conversation', 'The Godfather Part II', 'The Godfather']"
The Dark Knight,2008,9.0,https://www.imdb.com//title/tt0468569/,2h 32m,Action,Christopher Nolan,https://www.imdb.com/name/nm0634240/?ref_=tt_ov_dr,"['Inception', 'Interstellar', 'Dunkirk']"
The Godfather Part II,1974,9.0,https://www.imdb.com//title/tt0071562/,3h 22m,Crime,Francis Ford Coppola,https://www.imdb.com/name/nm0000338/?ref_=tt_ov_dr,"['The Conversation', 'The Godfather Part II', 'The Godfather']"
12 Angry Men,1957,8.9,https://www.imdb.com//title/tt0050083/,1h 36m,Crime,Sidney Lumet,https://www.imdb.com/name/nm0001486/?ref_=tt_ov_dr,"[""Before the Devil Knows You're Dead"", 'Dog Day Afternoon', 'Serpico']"
Schindler's List,1993,8.9,https://www.imdb.com//title/tt0108052/,3h 15m,Biography,Steven Spielberg,https://www.imdb.com/name/nm0000229/?ref_=tt_ov_dr,"['E.T. the Extra-Terrestrial', 'Saving Private Ryan', 'Raiders of the Lost Ark']"
The Lord of the Rings: The Return of the King,2003,8.9,https://www.imdb.com//title/tt0167260/,3h 21m,Action,Peter Jackson,https://www.imdb.com/name/nm0001392/?ref_=tt_ov_dr,"['Bad Taste', 'King Kong', 'The Lord of the Rings: The Two Towers']"
Pulp Fiction,1994,8.9,https://www.imdb.com//title/tt0110912/,2h 34m,Crime,Quentin Tarantino,https://www.imdb.com/name/nm0000233/?ref_=tt_ov_dr,"['Pulp Fiction', 'Once Upon a Time in... Hollywood', 'The Hateful Eight']"
The Lord of the Rings: The Fellowship of the Ring,2001,8.8,https://www.imdb.com//title/tt0120737/,2h 58m,Action,Peter Jackson,https://www.imdb.com/name/nm0001392/?ref_=tt_ov_dr,"['Bad Taste', 'King Kong', 'The Lord of the Rings: The Two Towers']"
"Il buono, il brutto, il cattivo",1966,8.8,https://www.imdb.com//title/tt0060196/,2h 41m,Adventure,Sergio Leone,https://www.imdb.com/name/nm0001466/?ref_=tt_ov_dr,"['Giù la testa', 'Il buono, il brutto, il cattivo', 'Per un pugno di dollari']"
Forrest Gump,1994,8.8,https://www.imdb.com//title/tt0109830/,2h 22m,Drama,Robert Zemeckis,https://www.imdb.com/name/nm0000709/?ref_=tt_ov_dr,"['Forrest Gump', 'Contact', 'Flight']"
Fight Club,1999,8.8,https://www.imdb.com//title/tt0137523/,2h 19m,Drama,David Fincher,https://www.imdb.com/name/nm0000399/?ref_=tt_ov_dr,"['Zodiac', 'Gone Girl', 'The Social Network']"
Inception,2010,8.7,https://www.imdb.com//title/tt1375666/,2h 28m,Action,Christopher Nolan,https://www.imdb.com/name/nm0634240/?ref_=tt_ov_dr,"['Inception', 'Interstellar', 'Dunkirk']"
The Lord of the Rings: The Two Towers,2002,8.7,https://www.imdb.com//title/tt0167261/,2h 59m,Action,Peter Jackson,https://www.imdb.com/name/nm0001392/?ref_=tt_ov_dr,"['Bad Taste', 'King Kong', 'The Lord of the Rings: The Two Towers']"
The Empire Strikes Back,1980,8.7,https://www.imdb.com//title/tt0080684/,2h 4m,Action,Irvin Kershner,https://www.imdb.com/name/nm0449984/?ref_=tt_ov_dr,"['Never Say Never Again', 'RoboCop 2', 'On Deadly Ground']"
The Matrix,1999,8.7,https://www.imdb.com//title/tt0133093/,2h 16m,Action,Lana Wachowski,https://www.imdb.com/name/nm0905154/?ref_=tt_ov_dr,"['Bound', 'The Matrix Reloaded', 'Jupiter Ascending']"
Goodfellas,1990,8.7,https://www.imdb.com//title/tt0099685/,2h 25m,Biography,Martin Scorsese,https://www.imdb.com/name/nm0000217/?ref_=tt_ov_dr,"['Mean Streets', 'Goodfellas', 'The Age of Innocence']"
One Flew Over the Cuckoo's Nest,1975,8.6,https://www.imdb.com//title/tt0073486/,2h 13m,Drama,Milos Forman,https://www.imdb.com/name/nm0001232/?ref_=tt_ov_dr,"['Amadeus', 'The People vs. Larry Flynt', 'Hair']"
Se7en,1995,8.6,https://www.imdb.com//title/tt0114369/,2h 7m,Crime,David Fincher,https://www.imdb.com/name/nm0000399/?ref_=tt_ov_dr,"['Zodiac', 'Gone Girl', 'The Social Network']"
Shichinin no samurai,1954,8.6,https://www.imdb.com//title/tt0047478/,3h 27m,Action,Akira Kurosawa,https://www.imdb.com/name/nm0000041/?ref_=tt_ov_dr,"['Kagemusha', 'Ran', 'Tengoku to jigoku']"
It's a Wonderful Life,1946,8.6,https://www.imdb.com//title/tt0038650/,2h 10m,Drama,Frank Capra,https://www.imdb.com/name/nm0001008/?ref_=tt_ov_dr,"['It Happened One Night', ""You Can't Take It with You"", 'Mr. Smith Goes to Washington']"
The Silence of the Lambs,1991,8.6,https://www.imdb.com//title/tt0102926/,1h 58m,Crime,Jonathan Demme,https://www.imdb.com/name/nm0001129/?ref_=tt_ov_dr,"['Philadelphia', 'Rachel Getting Married', 'Adaptation.']"
Cidade de Deus,2002,8.6,https://www.imdb.com//title/tt0317248/,2h 10m,Crime,Fernando Meirelles,https://www.imdb.com/name/nm0576987/?ref_=tt_ov_dr,"['Blindness', 'Cidade de Deus', 'The Two Popes']"
Saving Private Ryan,1998,8.6,https://www.imdb.com//title/tt0120815/,2h 49m,Drama,Steven Spielberg,https://www.imdb.com/name/nm0000229/?ref_=tt_ov_dr,"['E.T. the Extra-Terrestrial', 'Saving Private Ryan', 'Raiders of the Lost Ark']"
La vita è bella,1997,8.6,https://www.imdb.com//title/tt0118799/,1h 56m,Comedy,Roberto Benigni,https://www.imdb.com/name/nm0000905/?ref_=tt_ov_dr,"['La tigre e la neve', 'Down by Law', 'Johnny Stecchino']"
The Green Mile,1999,8.6,https://www.imdb.com//title/tt0120689/,3h 9m,Crime,Frank Darabont,https://www.imdb.com/name/nm0001104/?ref_=tt_ov_dr,"['The Green Mile', 'The Walking Dead', 'The Mist']"
Interstellar,2014,8.6,https://www.imdb.com//title/tt0816692/,2h 49m,Adventure,Christopher Nolan,https://www.imdb.com/name/nm0634240/?ref_=tt_ov_dr,"['Inception', 'Interstellar', 'Dunkirk']"
Star Wars,1977,8.6,https://www.imdb.com//title/tt0076759/,2h 1m,Action,George Lucas,https://www.imdb.com/name/nm0000184/?ref_=tt_ov_dr,"['THX 1138', 'American Graffiti', 'Raiders of the Lost Ark']"
Terminator 2: Judgment Day,1991,8.5,https://www.imdb.com//title/tt0103064/,2h 17m,Action,James Cameron,https://www.imdb.com/name/nm0000116/?ref_=tt_ov_dr,"['Titanic', 'Terminator 2: Judgment Day', 'Aliens']"
Back to the Future,1985,8.5,https://www.imdb.com//title/tt0088763/,1h 56m,Adventure,Robert Zemeckis,https://www.imdb.com/name/nm0000709/?ref_=tt_ov_dr,"['Forrest Gump', 'Contact', 'Flight']"
Sen to Chihiro no kamikakushi,2001,8.5,https://www.imdb.com//title/tt0245429/,2h 5m,Animation,Hayao Miyazaki,https://www.imdb.com/name/nm0594503/?ref_=tt_ov_dr,"['Tonari no Totoro', 'Hauru no ugoku shiro', 'Mononoke-hime']"
Psycho,1960,8.5,https://www.imdb.com//title/tt0054215/,1h 49m,Horror,Alfred Hitchcock,https://www.imdb.com/name/nm0000033/?ref_=tt_ov_dr,"['North by Northwest', 'Vertigo', 'The Birds']"
The Pianist,2002,8.5,https://www.imdb.com//title/tt0253474/,2h 30m,Biography,Roman Polanski,https://www.imdb.com/name/nm0000591/?ref_=tt_ov_dr,"['Le locataire', 'The Ghost Writer', 'Carnage']"
Léon,1994,8.5,https://www.imdb.com//title/tt0110413/,1h 50m,Action,Luc Besson,https://www.imdb.com/name/nm0000108/?ref_=tt_ov_dr,"['Léon', 'Lucy', 'Nikita']"
Gisaengchung,2019,8.5,https://www.imdb.com//title/tt6751668/,2h 12m,Comedy,Bong Joon Ho,https://www.imdb.com/name/nm0094435/?ref_=tt_ov_dr,"['Okja', 'Gisaengchung', 'Gwoemul']"
The Lion King,1994,8.5,https://www.imdb.com//title/tt0110357/,1h 28m,Animation,Roger Allers,https://www.imdb.com/name/nm0021249/?ref_=tt_ov_dr,"['Aladdin', 'Beauty and the Beast', 'TRON']"
Gladiator,2000,8.5,https://www.imdb.com//title/tt0172495/,2h 35m,Action,Ridley Scott,https://www.imdb.com/name/nm0000631/?ref_=tt_ov_dr,"['Blade Runner', 'Thelma & Louise', 'Gladiator']"
American History X,1998,8.5,https://www.imdb.com//title/tt0120586/,1h 59m,Crime,Tony Kaye,https://www.imdb.com/name/nm0443411/?ref_=tt_ov_dr,"['Lake of Fire', 'American History X', 'Mad for Love!']"
The Usual Suspects,1995,8.5,https://www.imdb.com//title/tt0114814/,1h 46m,Crime,Bryan Singer,https://www.imdb.com/name/nm0001741/?ref_=tt_ov_dr,"['The Usual Suspects', 'Superman Returns', 'X-Men: Days of Future Past']"
The Departed,2006,8.5,https://www.imdb.com//title/tt0407887/,2h 31m,Crime,Martin Scorsese,https://www.imdb.com/name/nm0000217/?ref_=tt_ov_dr,"['Mean Streets', 'Goodfellas', 'The Age of Innocence']"
The Prestige,2006,8.5,https://www.imdb.com//title/tt0482571/,2h 10m,Drama,Christopher Nolan,https://www.imdb.com/name/nm0634240/?ref_=tt_ov_dr,"['Inception', 'Interstellar', 'Dunkirk']"
Casablanca,1942,8.5,https://www.imdb.com//title/tt0034583/,1h 42m,Drama,Michael Curtiz,https://www.imdb.com/name/nm0002031/?ref_=tt_ov_dr,"['The Adventures of Robin Hood', 'Captain Blood', 'Mildred Pierce']"
Top Gun: Maverick,2022,8.5,https://www.imdb.com//title/tt1745960/,2h 10m,Action,Joseph Kosinski,https://www.imdb.com/name/nm2676052/?ref_=tt_ov_dr,"['Only the Brave', 'Oblivion', 'Tron']"
Whiplash,2014,8.5,https://www.imdb.com//title/tt2582802/,1h 46m,Drama,Damien Chazelle,https://www.imdb.com/name/nm3227090/?ref_=tt_ov_dr,"['Whiplash', 'First Man', '10 Cloverfield Lane']"
The Intouchables,2011,8.5,https://www.imdb.com//title/tt1675434/,1h 52m,Biography,Olivier Nakache,https://www.imdb.com/name/nm0619923/?ref_=tt_ov_dr,"['Le sens de la fête', 'Hors normes', 'Tellement proches']"
Modern Times,1936,8.4,https://www.imdb.com//title/tt0027977/,1h 27m,Comedy,Charles Chaplin,https://www.imdb.com/name/nm0000122/?ref_=tt_ov_dr,"['Modern Times', 'Limelight', 'The Circus']"
Seppuku,1962,8.4,https://www.imdb.com//title/tt0056058/,2h 13m,Action,Masaki Kobayashi,https://www.imdb.com/name/nm0462030/?ref_=tt_ov_dr,"['Jôi-uchi: Hairyô tsuma shimatsu', 'Ningen no jôken', 'Ningen no jôken']"
Once Upon a Time in the West,1968,8.4,https://www.imdb.com//title/tt0064116/,2h 45m,Western,Sergio Leone,https://www.imdb.com/name/nm0001466/?ref_=tt_ov_dr,"['Giù la testa', 'Il buono, il brutto, il cattivo', 'Per un pugno di dollari']"
Hotaru no haka,1988,8.4,https://www.imdb.com//title/tt0095327/,1h 29m,Animation,Isao Takahata,https://www.imdb.com/name/nm0847223/?ref_=tt_ov_dr,"['Kaguya-hime no monogatari', 'Omohide poro poro', 'Heisei tanuki gassen ponpoko']"
Rear Window,1954,8.4,https://www.imdb.com//title/tt0047396/,1h 52m,Mystery,Alfred Hitchcock,https://www.imdb.com/name/nm0000033/?ref_=tt_ov_dr,"['North by Northwest', 'Vertigo', 'The Birds']"
Alien,1979,8.4,https://www.imdb.com//title/tt0078748/,1h 57m,Horror,Ridley Scott,https://www.imdb.com/name/nm0000631/?ref_=tt_ov_dr,"['Blade Runner', 'Thelma & Louise', 'Gladiator']"
City Lights,1931,8.4,https://www.imdb.com//title/tt0021749/,1h 27m,Comedy,Charles Chaplin,https://www.imdb.com/name/nm0000122/?ref_=tt_ov_dr,"['Modern Times', 'Limelight', 'The Circus']"
Nuovo Cinema Paradiso,1988,8.4,https://www.imdb.com//title/tt0095765/,2h 35m,Drama,Giuseppe Tornatore,https://www.imdb.com/name/nm0868153/?ref_=tt_ov_dr,"['Nuovo Cinema Paradiso', ""La leggenda del pianista sull'oceano"", 'Malèna']"
Memento,2000,8.4,https://www.imdb.com//title/tt0209144/,1h 53m,Mystery,Christopher Nolan,https://www.imdb.com/name/nm0634240/?ref_=tt_ov_dr,"['Inception', 'Interstellar', 'Dunkirk']"
Apocalypse Now,1979,8.4,https://www.imdb.com//title/tt0078788/,2h 27m,Drama,Francis Ford Coppola,https://www.imdb.com/name/nm0000338/?ref_=tt_ov_dr,"['The Conversation', 'The Godfather Part II', 'The Godfather']"
Raiders of the Lost Ark,1981,8.4,https://www.imdb.com//title/tt0082971/,1h 55m,Action,Steven Spielberg,https://www.imdb.com/name/nm0000229/?ref_=tt_ov_dr,"['E.T. the Extra-Terrestrial', 'Saving Private Ryan', 'Raiders of the Lost Ark']"
Django Unchained,2012,8.4,https://www.imdb.com//title/tt1853728/,2h 45m,Drama,Quentin Tarantino,https://www.imdb.com/name/nm0000233/?ref_=tt_ov_dr,"['Pulp Fiction', 'Once Upon a Time in... Hollywood', 'The Hateful Eight']"
WALL·E,2008,8.4,https://www.imdb.com//title/tt0910970/,1h 38m,Animation,Andrew Stanton,https://www.imdb.com/name/nm0004056/?ref_=tt_ov_dr,"['Finding Nemo', 'Finding Dory', 'Toy Story 2']"
The Lives of Others,2006,8.4,https://www.imdb.com//title/tt0405094/,2h 17m,Drama,Florian Henckel von Donnersmarck,https://www.imdb.com/name/nm0003697/?ref_=tt_ov_dr,"['Werk ohne Autor', 'The Tourist', 'Dobermann']"
Sunset Blvd.,1950,8.4,https://www.imdb.com//title/tt0043014/,1h 50m,Drama,Billy Wilder,https://www.imdb.com/name/nm0000697/?ref_=tt_ov_dr,"['Some Like It Hot', 'Sabrina', 'Sunset Blvd.']"
Paths of Glory,1957,8.4,https://www.imdb.com//title/tt0050825/,1h 28m,Drama,Stanley Kubrick,https://www.imdb.com/name/nm0000040/?ref_=tt_ov_dr,"['Barry Lyndon', 'A Clockwork Orange', 'Full Metal Jacket']"
The Shining,1980,8.4,https://www.imdb.com//title/tt0081505/,2h 26m,Drama,Stanley Kubrick,https://www.imdb.com/name/nm0000040/?ref_=tt_ov_dr,"['Barry Lyndon', 'A Clockwork Orange', 'Full Metal Jacket']"
The Great Dictator,1940,8.4,https://www.imdb.com//title/tt0032553/,2h 5m,Comedy,Charles Chaplin,https://www.imdb.com/name/nm0000122/?ref_=tt_ov_dr,"['Modern Times', 'Limelight', 'The Circus']"
Witness for the Prosecution,1957,8.4,https://www.imdb.com//title/tt0051201/,1h 56m,Crime,Billy Wilder,https://www.imdb.com/name/nm0000697/?ref_=tt_ov_dr,"['Some Like It Hot', 'Sabrina', 'Sunset Blvd.']"
Avengers: Infinity War,2018,8.4,https://www.imdb.com//title/tt4154756/,2h 29m,Action,Anthony Russo,https://www.imdb.com/name/nm0751577/?ref_=tt_ov_dr,"['Captain America: The Winter Soldier', 'Avengers: Infinity War', 'Captain America: Civil War']"
Aliens,1986,8.3,https://www.imdb.com//title/tt0090605/,2h 17m,Action,James Cameron,https://www.imdb.com/name/nm0000116/?ref_=tt_ov_dr,"['Titanic', 'Terminator 2: Judgment Day', 'Aliens']"
American Beauty,1999,8.3,https://www.imdb.com//title/tt0169547/,2h 2m,Drama,Sam Mendes,https://www.imdb.com/name/nm0005222/?ref_=tt_ov_dr,"['Road to Perdition', 'Skyfall', 'Revolutionary Road']"
Dr. Strangelove or: How I Learned to Stop Worrying and Love the Bomb,1964,8.3,https://www.imdb.com//title/tt0057012/,1h 35m,Comedy,Stanley Kubrick,https://www.imdb.com/name/nm0000040/?ref_=tt_ov_dr,"['Barry Lyndon', 'A Clockwork Orange', 'Full Metal Jacket']"
The Dark Knight Rises,2012,8.3,https://www.imdb.com//title/tt1345836/,2h 44m,Action,Christopher Nolan,https://www.imdb.com/name/nm0634240/?ref_=tt_ov_dr,"['Inception', 'Interstellar', 'Dunkirk']"
Spider-Man: Into the Spider-Verse,2018,8.3,https://www.imdb.com//title/tt4633694/,1h 57m,Animation,Bob Persichetti,https://www.imdb.com/name/nm2130108/?ref_=tt_ov_dr,"['Le Petit Prince', 'Puss in Boots', 'Shrek 2']"
Joker,2019,8.3,https://www.imdb.com//title/tt7286456/,2h 2m,Crime,Todd Phillips,https://www.imdb.com/name/nm0680846/?ref_=tt_ov_dr,"['Due Date', 'Old School', 'Road Trip']"
Oldeuboi,2003,8.3,https://www.imdb.com//title/tt0364569/,2h,Action,Park Chan-wook,https://www.imdb.com/name/nm0661791/?ref_=tt_ov_dr,"['Ah-ga-ssi', 'Bakjwi', 'Gongdong gyeongbi guyeok JSA']"
Braveheart,1995,8.3,https://www.imdb.com//title/tt0112573/,2h 58m,Biography,Mel Gibson,https://www.imdb.com/name/nm0000154/?ref_=tt_ov_dr,"['Lethal Weapon 3', 'Conspiracy Theory', 'Ransom']"
Amadeus,1984,8.3,https://www.imdb.com//title/tt0086879/,2h 40m,Biography,Milos Forman,https://www.imdb.com/name/nm0001232/?ref_=tt_ov_dr,"['Amadeus', 'The People vs. Larry Flynt', 'Hair']"
Toy Story,1995,8.3,https://www.imdb.com//title/tt0114709/,1h 21m,Animation,John Lasseter,https://www.imdb.com/name/nm0005124/?ref_=tt_ov_dr,"[""A Bug's Life"", 'Cars', 'Toy Story']"
Coco,2017,8.3,https://www.imdb.com//title/tt2380307/,1h 45m,Animation,Lee Unkrich,https://www.imdb.com/name/nm0881279/?ref_=tt_ov_dr,"['Coco', 'Toy Story 3', 'Finding Nemo']"
Das Boot,1981,8.3,https://www.imdb.com//title/tt0082096/,2h 29m,Drama,Wolfgang Petersen,https://www.imdb.com/name/nm0000583/?ref_=tt_ov_dr,"['Enemy Mine', 'Outbreak', 'Air Force One']"
Inglourious Basterds,2009,8.3,https://www.imdb.com//title/tt0361748/,2h 33m,Adventure,Quentin Tarantino,https://www.imdb.com/name/nm0000233/?ref_=tt_ov_dr,"['Pulp Fiction', 'Once Upon a Time in... Hollywood', 'The Hateful Eight']"
Mononoke-hime,1997,8.3,https://www.imdb.com//title/tt0119698/,2h 14m,Animation,Hayao Miyazaki,https://www.imdb.com/name/nm0594503/?ref_=tt_ov_dr,"['Tonari no Totoro', 'Hauru no ugoku shiro', 'Mononoke-hime']"
Avengers: Endgame,2019,8.3,https://www.imdb.com//title/tt4154796/,3h 1m,Action,Anthony Russo,https://www.imdb.com/name/nm0751577/?ref_=tt_ov_dr,"['Captain America: The Winter Soldier', 'Avengers: Infinity War', 'Captain America: Civil War']"
Once Upon a Time in America,1984,8.3,https://www.imdb.com//title/tt0087843/,3h 49m,Crime,Sergio Leone,https://www.imdb.com/name/nm0001466/?ref_=tt_ov_dr,"['Giù la testa', 'Il buono, il brutto, il cattivo', 'Per un pugno di dollari']"
Good Will Hunting,1997,8.3,https://www.imdb.com//title/tt0119217/,2h 6m,Drama,Gus Van Sant,https://www.imdb.com/name/nm0001814/?ref_=tt_ov_dr,"['Paranoid Park', 'Drugstore Cowboy', 'My Own Private Idaho']"
Requiem for a Dream,2000,8.3,https://www.imdb.com//title/tt0180093/,1h 42m,Drama,Darren Aronofsky,https://www.imdb.com/name/nm0004716/?ref_=tt_ov_dr,"['The Fountain', 'Requiem for a Dream', 'Mother!']"
Toy Story 3,2010,8.3,https://www.imdb.com//title/tt0435761/,1h 43m,Animation,Lee Unkrich,https://www.imdb.com/name/nm0881279/?ref_=tt_ov_dr,"['Coco', 'Toy Story 3', 'Finding Nemo']"
Kimi no na wa.,2016,8.3,https://www.imdb.com//title/tt5311514/,1h 46m,Animation,Makoto Shinkai,https://www.imdb.com/name/nm1396121/?ref_=tt_ov_dr,"['Kumo no mukô, yakusoku no basho', 'Tenki no ko', 'Koto no ha no niwa']"
Singin' in the Rain,1952,8.3,https://www.imdb.com//title/tt0045152/,1h 43m,Comedy,Stanley Donen,https://www.imdb.com/name/nm0002045/?ref_=tt_ov_dr,"[""Singin' in the Rain"", 'Funny Face', 'Two for the Road']"
3 Idiots,2009,8.3,https://www.imdb.com//title/tt1187043/,2h 50m,Comedy,Rajkumar Hirani,https://www.imdb.com/name/nm0386246/?ref_=tt_ov_dr,"['Sanju', '3 Idiots', 'Munna Bhai M.B.B.S.']"
Star Wars: Episode VI - Return of the Jedi,1983,8.3,https://www.imdb.com//title/tt0086190/,2h 11m,Action,Richard Marquand,https://www.imdb.com/name/nm0549658/?ref_=tt_ov_dr,"['Jagged Edge', 'Nowhere to Run', 'NBC Special Treat']"
2001: A Space Odyssey,1968,8.3,https://www.imdb.com//title/tt0062622/,2h 29m,Adventure,Stanley Kubrick,https://www.imdb.com/name/nm0000040/?ref_=tt_ov_dr,"['Barry Lyndon', 'A Clockwork Orange', 'Full Metal Jacket']"
Eternal Sunshine of the Spotless Mind,2004,8.3,https://www.imdb.com//title/tt0338013/,1h 48m,Drama,Michel Gondry,https://www.imdb.com/name/nm0327273/?ref_=tt_ov_dr,"['La science des rêves', 'The We and the I', 'Be Kind Rewind']"
Reservoir Dogs,1992,8.3,https://www.imdb.com//title/tt0105236/,1h 39m,Crime,Quentin Tarantino,https://www.imdb.com/name/nm0000233/?ref_=tt_ov_dr,"['Pulp Fiction', 'Once Upon a Time in... Hollywood', 'The Hateful Eight']"
Tengoku to jigoku,1963,8.3,https://www.imdb.com//title/tt0057565/,2h 23m,Crime,Akira Kurosawa,https://www.imdb.com/name/nm0000041/?ref_=tt_ov_dr,"['Kagemusha', 'Ran', 'Tengoku to jigoku']"
Capharnaüm,2018,8.3,https://www.imdb.com//title/tt8267604/,2h 6m,Drama,Nadine Labaki,https://www.imdb.com/name/nm1701024/?ref_=tt_ov_dr,"['Capharnaüm', 'Sukkar banat', 'Mea culpa']"
Citizen Kane,1941,8.3,https://www.imdb.com//title/tt0033467/,1h 59m,Drama,Orson Welles,https://www.imdb.com/name/nm0000080/?ref_=tt_ov_dr,"['Touch of Evil', 'The Lady from Shanghai', 'Le procès']"
Lawrence of Arabia,1962,8.3,https://www.imdb.com//title/tt0056172/,3h 38m,Adventure,David Lean,https://www.imdb.com/name/nm0000180/?ref_=tt_ov_dr,"['The Bridge on the River Kwai', 'Doctor Zhivago', 'A Passage to India']"
Jagten,2012,8.3,https://www.imdb.com//title/tt2106476/,1h 55m,Drama,Thomas Vinterberg,https://www.imdb.com/name/nm0899121/?ref_=tt_ov_dr,"['Druk', 'Festen', 'Submarino']"
North by Northwest,1959,8.3,https://www.imdb.com//title/tt0053125/,2h 16m,Action,Alfred Hitchcock,https://www.imdb.com/name/nm0000033/?ref_=tt_ov_dr,"['North by Northwest', 'Vertigo', 'The Birds']"
M - Eine Stadt sucht einen Mörder,1931,8.3,https://www.imdb.com//title/tt0022100/,1h 57m,Crime,Fritz Lang,https://www.imdb.com/name/nm0000485/?ref_=tt_ov_dr,"['Metropolis', 'M - Eine Stadt sucht einen Mörder', 'Spione']"
Vertigo,1958,8.2,https://www.imdb.com//title/tt0052357/,2h 8m,Mystery,Alfred Hitchcock,https://www.imdb.com/name/nm0000033/?ref_=tt_ov_dr,"['North by Northwest', 'Vertigo', 'The Birds']"
Le fabuleux destin d'Amélie Poulain,2001,8.2,https://www.imdb.com//title/tt0211915/,2h 2m,Comedy,Jean-Pierre Jeunet,https://www.imdb.com/name/nm0000466/?ref_=tt_ov_dr,"[""Le fabuleux destin d'Amélie Poulain"", 'Delicatessen', 'Micmacs à tire-larigot']"
A Clockwork Orange,1971,8.2,https://www.imdb.com//title/tt0066921/,2h 16m,Crime,Stanley Kubrick,https://www.imdb.com/name/nm0000040/?ref_=tt_ov_dr,"['Barry Lyndon', 'A Clockwork Orange', 'Full Metal Jacket']"
Idi i smotri,1985,8.2,https://www.imdb.com//title/tt0091251/,2h 22m,Drama,Elem Klimov,https://www.imdb.com/name/nm0459552/?ref_=tt_ov_dr,"['Agoniya', 'Pokhozhdeniya zubnogo vracha', 'Sport, sport, sport']"
Full Metal Jacket,1987,8.2,https://www.imdb.com//title/tt0093058/,1h 56m,Drama,Stanley Kubrick,https://www.imdb.com/name/nm0000040/?ref_=tt_ov_dr,"['Barry Lyndon', 'A Clockwork Orange', 'Full Metal Jacket']"
Double Indemnity,1944,8.2,https://www.imdb.com//title/tt0036775/,1h 47m,Crime,Billy Wilder,https://www.imdb.com/name/nm0000697/?ref_=tt_ov_dr,"['Some Like It Hot', 'Sabrina', 'Sunset Blvd.']"
The Apartment,1960,8.2,https://www.imdb.com//title/tt0053604/,2h 5m,Comedy,Billy Wilder,https://www.imdb.com/name/nm0000697/?ref_=tt_ov_dr,"['Some Like It Hot', 'Sabrina', 'Sunset Blvd.']"
Scarface,1983,8.2,https://www.imdb.com//title/tt0086250/,2h 50m,Crime,Brian De Palma,https://www.imdb.com/name/nm0000361/?ref_=tt_ov_dr,"['Body Double', 'The Untouchables', 'Snake Eyes']"
Ikiru,1952,8.2,https://www.imdb.com//title/tt0044741/,2h 23m,Drama,Akira Kurosawa,https://www.imdb.com/name/nm0000041/?ref_=tt_ov_dr,"['Kagemusha', 'Ran', 'Tengoku to jigoku']"
The Sting,1973,8.2,https://www.imdb.com//title/tt0070735/,2h 9m,Comedy,George Roy Hill,https://www.imdb.com/name/nm0001351/?ref_=tt_ov_dr,"['Butch Cassidy and the Sundance Kid', 'Slap Shot', 'Slaughterhouse-Five']"
To Kill a Mockingbird,1962,8.2,https://www.imdb.com//title/tt0056592/,2h 9m,Crime,Robert Mulligan,https://www.imdb.com/name/nm0612322/?ref_=tt_ov_dr,"[""Summer of '42"", 'The Other', 'The Nickel Ride']"
Taxi Driver,1976,8.2,https://www.imdb.com//title/tt0075314/,1h 54m,Crime,Martin Scorsese,https://www.imdb.com/name/nm0000217/?ref_=tt_ov_dr,"['Mean Streets', 'Goodfellas', 'The Age of Innocence']"
L.A. Confidential,1997,8.2,https://www.imdb.com//title/tt0119488/,2h 18m,Crime,Curtis Hanson,https://www.imdb.com/name/nm0000436/?ref_=tt_ov_dr,"['In Her Shoes', 'The Hand That Rocks the Cradle', 'Wonder Boys']"
Up,2009,8.2,https://www.imdb.com//title/tt1049413/,1h 36m,Animation,Pete Docter,https://www.imdb.com/name/nm0230032/?ref_=tt_ov_dr,"['Inside Out', 'Soul', 'Monsters, Inc.']"
Heat,1995,8.2,https://www.imdb.com//title/tt0113277/,2h 50m,Action,Michael Mann,https://www.imdb.com/name/nm0000520/?ref_=tt_ov_dr,"['Collateral', 'The Last of the Mohicans', 'Manhunter']"
Hamilton,2020,8.2,https://www.imdb.com//title/tt8503618/,2h 40m,Biography,Thomas Kail,https://www.imdb.com/name/nm2371802/?ref_=tt_ov_dr,"['Fosse/Verdon', 'Grease Live!', 'Fiddler on the Roof']"
Metropolis,1927,8.2,https://www.imdb.com//title/tt0017136/,2h 33m,Drama,Fritz Lang,https://www.imdb.com/name/nm0000485/?ref_=tt_ov_dr,"['Metropolis', 'M - Eine Stadt sucht einen Mörder', 'Spione']"
Jodaeiye Nader az Simin,2011,8.2,https://www.imdb.com//title/tt1832382/,2h 3m,Drama,Asghar Farhadi,https://www.imdb.com/name/nm1410815/?ref_=tt_ov_dr,"['Forushande', 'Jodaeiye Nader az Simin', 'Le passé']"
Snatch,2000,8.2,https://www.imdb.com//title/tt0208092/,1h 44m,Comedy,Guy Ritchie,https://www.imdb.com/name/nm0005363/?ref_=tt_ov_dr,"['Lock, Stock and Two Smoking Barrels', 'Snatch', 'Aladdin']"
Die Hard,1988,8.2,https://www.imdb.com//title/tt0095016/,2h 12m,Action,John McTiernan,https://www.imdb.com/name/nm0001532/?ref_=tt_ov_dr,"['Rollerball', 'Last Action Hero', 'Predator']"
Incendies,2010,8.2,https://www.imdb.com//title/tt1255953/,2h 11m,Drama,Denis Villeneuve,https://www.imdb.com/name/nm0898288/?ref_=tt_ov_dr,"['Blade Runner 2049', 'Incendies', 'Arrival']"
Indiana Jones and the Last Crusade,1989,8.2,https://www.imdb.com//title/tt0097576/,2h 7m,Action,Steven Spielberg,https://www.imdb.com/name/nm0000229/?ref_=tt_ov_dr,"['E.T. the Extra-Terrestrial', 'Saving Private Ryan', 'Raiders of the Lost Ark']"
Ladri di biciclette,1948,8.2,https://www.imdb.com//title/tt0040522/,1h 29m,Drama,Vittorio De Sica,https://www.imdb.com/name/nm0001120/?ref_=tt_ov_dr,"[""L'oro di Napoli"", 'Umberto D.', 'Il generale Della Rovere']"
Spider-Man: No Way Home,2021,8.2,https://www.imdb.com//title/tt10872600/,2h 28m,Action,Jon Watts,https://www.imdb.com/name/nm1218281/?ref_=tt_ov_dr,"['Spider-Man: Homecoming', 'The Onion News Network', 'Sexy Beast']"
1917,2019,8.2,https://www.imdb.com//title/tt8579674/,1h 59m,Action,Sam Mendes,https://www.imdb.com/name/nm0005222/?ref_=tt_ov_dr,"['Road to Perdition', 'Skyfall', 'Revolutionary Road']"
Taare Zameen Par,2007,8.2,https://www.imdb.com//title/tt0986264/,2h 45m,Drama,Aamir Khan,https://www.imdb.com/name/nm0451148/?ref_=tt_ov_dr,"['Lagaan: Once Upon a Time in India', '3 Idiots', 'Dangal']"
Der Untergang,2004,8.2,https://www.imdb.com//title/tt0363163/,2h 36m,Biography,Oliver Hirschbiegel,https://www.imdb.com/name/nm0386570/?ref_=tt_ov_dr,"['Der Untergang', 'The Invasion', 'Five Minutes of Heaven']"
Per qualche dollaro in più,1965,8.2,https://www.imdb.com//title/tt0059578/,2h 12m,Western,Sergio Leone,https://www.imdb.com/name/nm0001466/?ref_=tt_ov_dr,"['Giù la testa', 'Il buono, il brutto, il cattivo', 'Per un pugno di dollari']"
Batman Begins,2005,8.2,https://www.imdb.com//title/tt0372784/,2h 20m,Action,Christopher Nolan,https://www.imdb.com/name/nm0634240/?ref_=tt_ov_dr,"['Inception', 'Interstellar', 'Dunkirk']"
Dangal,2016,8.2,https://www.imdb.com//title/tt5074352/,2h 41m,Action,Nitesh Tiwari,https://www.imdb.com/name/nm4318159/?ref_=tt_ov_dr,"['Chhichhore', 'Bareilly Ki Barfi', 'Chillar Party']"
The Kid,1921,8.2,https://www.imdb.com//title/tt0012349/,1h 8m,Comedy,Charles Chaplin,https://www.imdb.com/name/nm0000122/?ref_=tt_ov_dr,"['Modern Times', 'Limelight', 'The Circus']"
Some Like It Hot,1959,8.2,https://www.imdb.com//title/tt0053291/,2h 1m,Comedy,Billy Wilder,https://www.imdb.com/name/nm0000697/?ref_=tt_ov_dr,"['Some Like It Hot', 'Sabrina', 'Sunset Blvd.']"
Everything Everywhere All at Once,2022,8.2,https://www.imdb.com//title/tt6710474/,2h 19m,Action,Dan Kwan,https://www.imdb.com/name/nm3453283/?ref_=tt_ov_dr,"['Everything Everywhere All at Once', 'DJ Snake and Lil Jon: Turn Down for What', 'Omniboat: A Fast Boat Fantasia']"
The Father,2020,8.2,https://www.imdb.com//title/tt10272386/,1h 37m,Drama,Florian Zeller,https://www.imdb.com/name/nm1725469/?ref_=tt_ov_dr,['The Son']
All About Eve,1950,8.2,https://www.imdb.com//title/tt0042192/,2h 18m,Drama,Joseph L. Mankiewicz,https://www.imdb.com/name/nm0000581/?ref_=tt_ov_dr,"['Cleopatra', 'A Letter to Three Wives', 'Sleuth']"
Green Book,2018,8.2,https://www.imdb.com//title/tt6966692/,2h 10m,Biography,Peter Farrelly,https://www.imdb.com/name/nm0268380/?ref_=tt_ov_dr,"[""There's Something About Mary"", 'Dumb and Dumber', 'Osmosis Jones']"
The Wolf of Wall Street,2013,8.2,https://www.imdb.com//title/tt0993846/,3h,Biography,Martin Scorsese,https://www.imdb.com/name/nm0000217/?ref_=tt_ov_dr,"['Mean Streets', 'Goodfellas', 'The Age of Innocence']"
Judgment at Nuremberg,1961,8.2,https://www.imdb.com//title/tt0055031/,2h 59m,Drama,Stanley Kramer,https://www.imdb.com/name/nm0006452/?ref_=tt_ov_dr,"[""Guess Who's Coming to Dinner"", 'Inherit the Wind', 'The Defiant Ones']"
Unforgiven,1992,8.2,https://www.imdb.com//title/tt0105695/,2h 10m,Drama,Clint Eastwood,https://www.imdb.com/name/nm0000142/?ref_=tt_ov_dr,"['Million Dollar Baby', 'Unforgiven', 'The Bridges of Madison County']"
Casino,1995,8.2,https://www.imdb.com//title/tt0112641/,2h 58m,Crime,Martin Scorsese,https://www.imdb.com/name/nm0000217/?ref_=tt_ov_dr,"['Mean Streets', 'Goodfellas', 'The Age of Innocence']"
Ran,1985,8.2,https://www.imdb.com//title/tt0089881/,2h 42m,Action,Akira Kurosawa,https://www.imdb.com/name/nm0000041/?ref_=tt_ov_dr,"['Kagemusha', 'Ran', 'Tengoku to jigoku']"
Pan's Labyrinth,2006,8.2,https://www.imdb.com//title/tt0457430/,1h 58m,Drama,Guillermo del Toro,https://www.imdb.com/name/nm0868219/?ref_=tt_ov_dr,"['Hellboy', 'El espinazo del diablo', 'Nightmare Alley']"
There Will Be Blood,2007,8.2,https://www.imdb.com//title/tt0469494/,2h 38m,Drama,Paul Thomas Anderson,https://www.imdb.com/name/nm0000759/?ref_=tt_ov_dr,"['There Will Be Blood', 'Licorice Pizza', 'Boogie Nights']"
The Sixth Sense,1999,8.2,https://www.imdb.com//title/tt0167404/,1h 47m,Drama,M. Night Shyamalan,https://www.imdb.com/name/nm0796117/?ref_=tt_ov_dr,"['Signs', 'The Village', 'The Sixth Sense']"
A Beautiful Mind,2001,8.2,https://www.imdb.com//title/tt0268978/,2h 15m,Biography,Ron Howard,https://www.imdb.com/name/nm0000165/?ref_=tt_ov_dr,"['A Beautiful Mind', 'Apollo 13', 'American Graffiti']"
Monty Python and the Holy Grail,1975,8.2,https://www.imdb.com//title/tt0071853/,1h 31m,Adventure,Terry Gilliam,https://www.imdb.com/name/nm0000416/?ref_=tt_ov_dr,"['Monty Python and the Holy Grail', 'The Meaning of Life', 'The Imaginarium of Doctor Parnassus']"
The Truman Show,1998,8.2,https://www.imdb.com//title/tt0120382/,1h 43m,Comedy,Peter Weir,https://www.imdb.com/name/nm0001837/?ref_=tt_ov_dr,"['The Way Back', 'Witness', 'Dead Poets Society']"
Yôjinbô,1961,8.1,https://www.imdb.com//title/tt0055630/,1h 50m,Action,Akira Kurosawa,https://www.imdb.com/name/nm0000041/?ref_=tt_ov_dr,"['Kagemusha', 'Ran', 'Tengoku to jigoku']"
The Treasure of the Sierra Madre,1948,8.1,https://www.imdb.com//title/tt0040897/,2h 6m,Adventure,John Huston,https://www.imdb.com/name/nm0001379/?ref_=tt_ov_dr,"['Chinatown', 'The Asphalt Jungle', 'The African Queen']"
Shutter Island,2010,8.1,https://www.imdb.com//title/tt1130884/,2h 18m,Mystery,Martin Scorsese,https://www.imdb.com/name/nm0000217/?ref_=tt_ov_dr,"['Mean Streets', 'Goodfellas', 'The Age of Innocence']"
Rashômon,1950,8.1,https://www.imdb.com//title/tt0042876/,1h 28m,Crime,Akira Kurosawa,https://www.imdb.com/name/nm0000041/?ref_=tt_ov_dr,"['Kagemusha', 'Ran', 'Tengoku to jigoku']"
The Great Escape,1963,8.1,https://www.imdb.com//title/tt0057115/,2h 52m,Adventure,John Sturges,https://www.imdb.com/name/nm0836328/?ref_=tt_ov_dr,"['The Magnificent Seven', 'Bad Day at Black Rock', 'Gunfight at the O.K. Corral']"
Jurassic Park,1993,8.1,https://www.imdb.com//title/tt0107290/,2h 7m,Action,Steven Spielberg,https://www.imdb.com/name/nm0000229/?ref_=tt_ov_dr,"['E.T. the Extra-Terrestrial', 'Saving Private Ryan', 'Raiders of the Lost Ark']"
Kill Bill: Vol. 1,2003,8.1,https://www.imdb.com//title/tt0266697/,1h 51m,Action,Quentin Tarantino,https://www.imdb.com/name/nm0000233/?ref_=tt_ov_dr,"['Pulp Fiction', 'Once Upon a Time in... Hollywood', 'The Hateful Eight']"
No Country for Old Men,2007,8.1,https://www.imdb.com//title/tt0477348/,2h 2m,Crime,Ethan Coen,https://www.imdb.com/name/nm0001053/?ref_=tt_ov_dr,"['Inside Llewyn Davis', 'A Serious Man', 'Fargo']"
Finding Nemo,2003,8.1,https://www.imdb.com//title/tt0266543/,1h 40m,Animation,Andrew Stanton,https://www.imdb.com/name/nm0004056/?ref_=tt_ov_dr,"['Finding Nemo', 'Finding Dory', 'Toy Story 2']"
The Elephant Man,1980,8.1,https://www.imdb.com//title/tt0080678/,2h 4m,Biography,David Lynch,https://www.imdb.com/name/nm0000186/?ref_=tt_ov_dr,"['Twin Peaks: Fire Walk with Me', 'Mulholland Dr.', 'Inland Empire']"
Raging Bull,1980,8.1,https://www.imdb.com//title/tt0081398/,2h 9m,Biography,Martin Scorsese,https://www.imdb.com/name/nm0000217/?ref_=tt_ov_dr,"['Mean Streets', 'Goodfellas', 'The Age of Innocence']"
Chinatown,1974,8.1,https://www.imdb.com//title/tt0071315/,2h 10m,Drama,Roman Polanski,https://www.imdb.com/name/nm0000591/?ref_=tt_ov_dr,"['Le locataire', 'The Ghost Writer', 'Carnage']"
Gone with the Wind,1939,8.1,https://www.imdb.com//title/tt0031381/,3h 58m,Drama,Victor Fleming,https://www.imdb.com/name/nm0281808/?ref_=tt_ov_dr,"['The Wizard of Oz', 'Test Pilot', 'A Guy Named Joe']"
V for Vendetta,2005,8.1,https://www.imdb.com//title/tt0434409/,2h 12m,Action,James McTeigue,https://www.imdb.com/name/nm0574625/?ref_=tt_ov_dr,"['The Raven', 'Ninja Assassin', 'Survivor']"
The Thing,1982,8.1,https://www.imdb.com//title/tt0084787/,1h 49m,Horror,John Carpenter,https://www.imdb.com/name/nm0000118/?ref_=tt_ov_dr,"['Halloween', 'Escape from New York', 'They Live']"
Inside Out,2015,8.1,https://www.imdb.com//title/tt2096673/,1h 35m,Animation,Pete Docter,https://www.imdb.com/name/nm0230032/?ref_=tt_ov_dr,"['Inside Out', 'Soul', 'Monsters, Inc.']"
"Lock, Stock and Two Smoking Barrels",1998,8.1,https://www.imdb.com//title/tt0120735/,1h 47m,Action,Guy Ritchie,https://www.imdb.com/name/nm0005363/?ref_=tt_ov_dr,"['Lock, Stock and Two Smoking Barrels', 'Snatch', 'Aladdin']"
Dial M for Murder,1954,8.1,https://www.imdb.com//title/tt0046912/,1h 45m,Crime,Alfred Hitchcock,https://www.imdb.com/name/nm0000033/?ref_=tt_ov_dr,"['North by Northwest', 'Vertigo', 'The Birds']"
El secreto de sus ojos,2009,8.1,https://www.imdb.com//title/tt1305806/,2h 9m,Drama,Juan José Campanella,https://www.imdb.com/name/nm0002728/?ref_=tt_ov_dr,"['El hombre de tu vida', 'El cuento de las comadrejas', 'El mismo amor, la misma lluvia']"
The Bridge on the River Kwai,1957,8.1,https://www.imdb.com//title/tt0050212/,2h 41m,Adventure,David Lean,https://www.imdb.com/name/nm0000180/?ref_=tt_ov_dr,"['The Bridge on the River Kwai', 'Doctor Zhivago', 'A Passage to India']"
Hauru no ugoku shiro,2004,8.1,https://www.imdb.com//title/tt0347149/,1h 59m,Animation,Hayao Miyazaki,https://www.imdb.com/name/nm0594503/?ref_=tt_ov_dr,"['Tonari no Totoro', 'Hauru no ugoku shiro', 'Mononoke-hime']"
"Three Billboards Outside Ebbing, Missouri",2017,8.1,https://www.imdb.com//title/tt5027774/,1h 55m,Comedy,Martin McDonagh,https://www.imdb.com/name/nm1732981/?ref_=tt_ov_dr,"['Seven Psychopaths', 'Three Billboards Outside Ebbing, Missouri', 'Six Shooter']"
Trainspotting,1996,8.1,https://www.imdb.com//title/tt0117951/,1h 33m,Drama,Danny Boyle,https://www.imdb.com/name/nm0000965/?ref_=tt_ov_dr,"['28 Days Later...', 'Slumdog Millionaire', 'Shallow Grave']"
Gran Torino,2008,8.1,https://www.imdb.com//title/tt1205489/,1h 56m,Drama,Clint Eastwood,https://www.imdb.com/name/nm0000142/?ref_=tt_ov_dr,"['Million Dollar Baby', 'Unforgiven', 'The Bridges of Madison County']"
Warrior,2011,8.1,https://www.imdb.com//title/tt1291584/,2h 20m,Action,Gavin O'Connor,https://www.imdb.com/name/nm0640334/?ref_=tt_ov_dr,"['Pride and Glory', 'Warrior', 'Tumbleweeds']"
Fargo,1996,8.1,https://www.imdb.com//title/tt0116282/,1h 38m,Crime,Joel Coen,https://www.imdb.com/name/nm0001054/?ref_=tt_ov_dr,"['The Tragedy of Macbeth', 'Inside Llewyn Davis', 'Fargo']"
Tonari no Totoro,1988,8.1,https://www.imdb.com//title/tt0096283/,1h 26m,Animation,Hayao Miyazaki,https://www.imdb.com/name/nm0594503/?ref_=tt_ov_dr,"['Tonari no Totoro', 'Hauru no ugoku shiro', 'Mononoke-hime']"
Prisoners,2013,8.1,https://www.imdb.com//title/tt1392214/,2h 33m,Crime,Denis Villeneuve,https://www.imdb.com/name/nm0898288/?ref_=tt_ov_dr,"['Blade Runner 2049', 'Incendies', 'Arrival']"
Million Dollar Baby,2004,8.1,https://www.imdb.com//title/tt0405159/,2h 12m,Drama,Clint Eastwood,https://www.imdb.com/name/nm0000142/?ref_=tt_ov_dr,"['Million Dollar Baby', 'Unforgiven', 'The Bridges of Madison County']"
The Gold Rush,1925,8.1,https://www.imdb.com//title/tt0015864/,1h 35m,Adventure,Charles Chaplin,https://www.imdb.com/name/nm0000122/?ref_=tt_ov_dr,"['Modern Times', 'Limelight', 'The Circus']"
Blade Runner,1982,8.1,https://www.imdb.com//title/tt0083658/,1h 57m,Action,Ridley Scott,https://www.imdb.com/name/nm0000631/?ref_=tt_ov_dr,"['Blade Runner', 'Thelma & Louise', 'Gladiator']"
Catch Me If You Can,2002,8.1,https://www.imdb.com//title/tt0264464/,2h 21m,Biography,Steven Spielberg,https://www.imdb.com/name/nm0000229/?ref_=tt_ov_dr,"['E.T. the Extra-Terrestrial', 'Saving Private Ryan', 'Raiders of the Lost Ark']"
On the Waterfront,1954,8.1,https://www.imdb.com//title/tt0047296/,1h 48m,Crime,Elia Kazan,https://www.imdb.com/name/nm0001415/?ref_=tt_ov_dr,"['East of Eden', 'A Streetcar Named Desire', 'America America']"
The Third Man,1949,8.1,https://www.imdb.com//title/tt0041959/,1h 44m,Film-Noir,Carol Reed,https://www.imdb.com/name/nm0715346/?ref_=tt_ov_dr,"['Oliver!', 'The Fallen Idol', 'Odd Man Out']"
Bacheha-Ye aseman,1997,8.1,https://www.imdb.com//title/tt0118849/,1h 29m,Drama,Majid Majidi,https://www.imdb.com/name/nm0006498/?ref_=tt_ov_dr,"['Baran', 'Khorshid', 'Rang-e khoda']"
Ben-Hur,1959,8.1,https://www.imdb.com//title/tt0052618/,3h 32m,Adventure,William Wyler,https://www.imdb.com/name/nm0943758/?ref_=tt_ov_dr,"['Ben-Hur', 'Roman Holiday', 'The Big Country']"
12 Years a Slave,2013,8.1,https://www.imdb.com//title/tt2024544/,2h 14m,Biography,Steve McQueen,https://www.imdb.com/name/nm2588606/?ref_=tt_ov_dr,"['Shame', 'Hunger', 'Widows']"
The General,1926,8.1,https://www.imdb.com//title/tt0017925/,1h 7m,Action,Clyde Bruckman,https://www.imdb.com/name/nm0115669/?ref_=tt_ov_dr,"['Sherlock Jr.', 'Our Hospitality', 'Seven Chances']"
Gone Girl,2014,8.1,https://www.imdb.com//title/tt2267998/,2h 29m,Drama,David Fincher,https://www.imdb.com/name/nm0000399/?ref_=tt_ov_dr,"['Zodiac', 'Gone Girl', 'The Social Network']"
Smultronstället,1957,8.1,https://www.imdb.com//title/tt0050986/,1h 31m,Drama,Ingmar Bergman,https://www.imdb.com/name/nm0000005/?ref_=tt_ov_dr,"['Smultronstället', 'Det sjunde inseglet', 'Fanny och Alexander']"
Before Sunrise,1995,8.1,https://www.imdb.com//title/tt0112471/,1h 41m,Drama,Richard Linklater,https://www.imdb.com/name/nm0000500/?ref_=tt_ov_dr,"['Before Midnight', 'Boyhood', 'A Scanner Darkly']"
The Deer Hunter,1978,8.1,https://www.imdb.com//title/tt0077416/,3h 3m,Drama,Michael Cimino,https://www.imdb.com/name/nm0001047/?ref_=tt_ov_dr,"['Silent Running', ""Heaven's Gate"", 'Year of the Dragon']"
Harry Potter and the Deathly Hallows: Part 2,2011,8.1,https://www.imdb.com//title/tt1201607/,2h 10m,Adventure,David Yates,https://www.imdb.com/name/nm0946734/?ref_=tt_ov_dr,"['Harry Potter and the Order of the Phoenix', 'The Legend of Tarzan', 'Harry Potter and the Deathly Hallows: Part 1']"
In the Name of the Father,1993,8.1,https://www.imdb.com//title/tt0107207/,2h 13m,Biography,Jim Sheridan,https://www.imdb.com/name/nm0006487/?ref_=tt_ov_dr,"['In the Name of the Father', 'My Left Foot: The Story of Christy Brown', 'Brothers']"
The Grand Budapest Hotel,2014,8.1,https://www.imdb.com//title/tt2278388/,1h 39m,Adventure,Wes Anderson,https://www.imdb.com/name/nm0027572/?ref_=tt_ov_dr,"['The Royal Tenenbaums', 'The French Dispatch', 'Isle of Dogs']"
Mr. Smith Goes to Washington,1939,8.1,https://www.imdb.com//title/tt0031679/,2h 9m,Comedy,Frank Capra,https://www.imdb.com/name/nm0001008/?ref_=tt_ov_dr,"['It Happened One Night', ""You Can't Take It with You"", 'Mr. Smith Goes to Washington']"
Le salaire de la peur,1953,8.1,https://www.imdb.com//title/tt0046268/,2h 11m,Adventure,Henri-Georges Clouzot,https://www.imdb.com/name/nm0167241/?ref_=tt_ov_dr,"['Les diaboliques', 'Manon', 'Quai des Orfèvres']"
Barry Lyndon,1975,8.1,https://www.imdb.com//title/tt0072684/,3h 5m,Adventure,Stanley Kubrick,https://www.imdb.com/name/nm0000040/?ref_=tt_ov_dr,"['Barry Lyndon', 'A Clockwork Orange', 'Full Metal Jacket']"
Sherlock Jr.,1924,8.1,https://www.imdb.com//title/tt0015324/,45m,Action,Buster Keaton,https://www.imdb.com/name/nm0000036/?ref_=tt_ov_dr,"['Sherlock Jr.', 'Steamboat Bill, Jr.', 'Seven Chances']"
Salinui chueok,2003,8.1,https://www.imdb.com//title/tt0353969/,2h 11m,Crime,Bong Joon Ho,https://www.imdb.com/name/nm0094435/?ref_=tt_ov_dr,"['Okja', 'Gisaengchung', 'Gwoemul']"
Room,2015,8.1,https://www.imdb.com//title/tt3170832/,1h 58m,Drama,Lenny Abrahamson,https://www.imdb.com/name/nm1049433/?ref_=tt_ov_dr,"['Frank', 'Normal People', 'Adam & Paul']"
Hacksaw Ridge,2016,8.1,https://www.imdb.com//title/tt2119532/,2h 19m,Biography,Mel Gibson,https://www.imdb.com/name/nm0000154/?ref_=tt_ov_dr,"['Lethal Weapon 3', 'Conspiracy Theory', 'Ransom']"
Klaus,2019,8.1,https://www.imdb.com//title/tt4729430/,1h 36m,Animation,Sergio Pablos,https://www.imdb.com/name/nm0655053/?ref_=tt_ov_dr,"['Despicable Me', 'Treasure Planet', 'Rio']"
Det sjunde inseglet,1957,8.1,https://www.imdb.com//title/tt0050976/,1h 36m,Drama,Ingmar Bergman,https://www.imdb.com/name/nm0000005/?ref_=tt_ov_dr,"['Smultronstället', 'Det sjunde inseglet', 'Fanny och Alexander']"
Relatos salvajes,2014,8.1,https://www.imdb.com//title/tt3011894/,2h 2m,Comedy,Damián Szifron,https://www.imdb.com/name/nm1167933/?ref_=tt_ov_dr,"['Los simuladores', 'El fondo del mar', 'Tiempo de valientes']"
The Big Lebowski,1998,8.1,https://www.imdb.com//title/tt0118715/,1h 57m,Comedy,Joel Coen,https://www.imdb.com/name/nm0001054/?ref_=tt_ov_dr,"['The Tragedy of Macbeth', 'Inside Llewyn Davis', 'Fargo']"
How to Train Your Dragon,2010,8.1,https://www.imdb.com//title/tt0892769/,1h 38m,Animation,Dean DeBlois,https://www.imdb.com/name/nm0213450/?ref_=tt_ov_dr,"['How to Train Your Dragon 2', 'Lilo & Stitch', 'How to Train Your Dragon: The Hidden World']"
Mad Max: Fury Road,2015,8.1,https://www.imdb.com//title/tt1392190/,2h,Action,George Miller,https://www.imdb.com/name/nm0004306/?ref_=tt_ov_dr,"['Mad Max 2', 'Happy Feet', 'Mad Max']"
Mary and Max.,2009,8.1,https://www.imdb.com//title/tt0978762/,1h 32m,Animation,Adam Elliot,https://www.imdb.com/name/nm0254178/?ref_=tt_ov_dr,"['Harvie Krumpet', 'Brother', 'Cousin']"
"Monsters, Inc.",2001,8.1,https://www.imdb.com//title/tt0198781/,1h 32m,Animation,Pete Docter,https://www.imdb.com/name/nm0230032/?ref_=tt_ov_dr,"['Inside Out', 'Soul', 'Monsters, Inc.']"
Jaws,1975,8.1,https://www.imdb.com//title/tt0073195/,2h 4m,Adventure,Steven Spielberg,https://www.imdb.com/name/nm0000229/?ref_=tt_ov_dr,"['E.T. the Extra-Terrestrial', 'Saving Private Ryan', 'Raiders of the Lost Ark']"
La passion de Jeanne d'Arc,1928,8.1,https://www.imdb.com//title/tt0019254/,1h 50m,Biography,Carl Theodor Dreyer,https://www.imdb.com/name/nm0003433/?ref_=tt_ov_dr,"['Gertrud', 'Ordet', 'Landsbykirken']"
Hotel Rwanda,2004,8.1,https://www.imdb.com//title/tt0395169/,2h 1m,Biography,Terry George,https://www.imdb.com/name/nm0313623/?ref_=tt_ov_dr,"['In the Name of the Father', ""Some Mother's Son"", 'The Promise']"
Dead Poets Society,1989,8.1,https://www.imdb.com//title/tt0097165/,2h 8m,Comedy,Peter Weir,https://www.imdb.com/name/nm0001837/?ref_=tt_ov_dr,"['The Way Back', 'Witness', 'Dead Poets Society']"
Tôkyô monogatari,1953,8.1,https://www.imdb.com//title/tt0046438/,2h 16m,Drama,Yasujirô Ozu,https://www.imdb.com/name/nm0654868/?ref_=tt_ov_dr,"['Banshun', 'Early Summer', 'Otona no miru ehon - Umarete wa mita keredo']"
Pather Panchali,1955,8.1,https://www.imdb.com//title/tt0048473/,2h 5m,Drama,Satyajit Ray,https://www.imdb.com/name/nm0006249/?ref_=tt_ov_dr,"['Nayak', 'Apur Sansar', 'Aparajito']"
Platoon,1986,8.0,https://www.imdb.com//title/tt0091763/,2h,Drama,Oliver Stone,https://www.imdb.com/name/nm0000231/?ref_=tt_ov_dr,"['Platoon', 'Natural Born Killers', 'Born on the Fourth of July']"
Rocky,1976,8.0,https://www.imdb.com//title/tt0075148/,2h,Drama,John G. Avildsen,https://www.imdb.com/name/nm0000814/?ref_=tt_ov_dr,"['The Karate Kid Part III', 'Rocky V', 'The Karate Kid']"
Ford v Ferrari,2019,8.0,https://www.imdb.com//title/tt1950186/,2h 32m,Action,James Mangold,https://www.imdb.com/name/nm0003506/?ref_=tt_ov_dr,"['Ford v Ferrari', 'Walk the Line', 'Heavy']"
Stand by Me,1986,8.0,https://www.imdb.com//title/tt0092005/,1h 29m,Adventure,Rob Reiner,https://www.imdb.com/name/nm0001661/?ref_=tt_ov_dr,"['This Is Spinal Tap', 'The Wolf of Wall Street', 'The Story of Us']"
The Terminator,1984,8.0,https://www.imdb.com//title/tt0088247/,1h 47m,Action,James Cameron,https://www.imdb.com/name/nm0000116/?ref_=tt_ov_dr,"['Titanic', 'Terminator 2: Judgment Day', 'Aliens']"
Spotlight,2015,8.0,https://www.imdb.com//title/tt1895587/,2h 9m,Biography,Tom McCarthy,https://www.imdb.com/name/nm0565336/?ref_=tt_ov_dr,"['The Station Agent', 'The Visitor', 'Spotlight']"
Rush,2013,8.0,https://www.imdb.com//title/tt1979320/,2h 3m,Action,Ron Howard,https://www.imdb.com/name/nm0000165/?ref_=tt_ov_dr,"['A Beautiful Mind', 'Apollo 13', 'American Graffiti']"
Into the Wild,2007,8.0,https://www.imdb.com//title/tt0758758/,2h 28m,Adventure,Sean Penn,https://www.imdb.com/name/nm0000576/?ref_=tt_ov_dr,"['21 Grams', 'Milk', 'Dead Man Walking']"
Network,1976,8.0,https://www.imdb.com//title/tt0074958/,2h 1m,Drama,Sidney Lumet,https://www.imdb.com/name/nm0001486/?ref_=tt_ov_dr,"[""Before the Devil Knows You're Dead"", 'Dog Day Afternoon', 'Serpico']"
The Wizard of Oz,1939,8.0,https://www.imdb.com//title/tt0032138/,1h 42m,Adventure,Victor Fleming,https://www.imdb.com/name/nm0281808/?ref_=tt_ov_dr,"['The Wizard of Oz', 'Test Pilot', 'A Guy Named Joe']"
Logan,2017,8.0,https://www.imdb.com//title/tt3315342/,2h 17m,Action,James Mangold,https://www.imdb.com/name/nm0003506/?ref_=tt_ov_dr,"['Ford v Ferrari', 'Walk the Line', 'Heavy']"
Groundhog Day,1993,8.0,https://www.imdb.com//title/tt0107048/,1h 41m,Comedy,Harold Ramis,https://www.imdb.com/name/nm0000601/?ref_=tt_ov_dr,"['Groundhog Day', 'Stripes', 'Knocked Up']"
Ratatouille,2007,8.0,https://www.imdb.com//title/tt0382932/,1h 51m,Animation,Brad Bird,https://www.imdb.com/name/nm0083348/?ref_=tt_ov_dr,"['Ratatouille', 'Incredibles 2', 'The Iron Giant']"
The Exorcist,1973,8.0,https://www.imdb.com//title/tt0070047/,2h 2m,Horror,William Friedkin,https://www.imdb.com/name/nm0001243/?ref_=tt_ov_dr,"['To Live and Die in L.A.', 'The Exorcist', 'Killer Joe']"
Before Sunset,2004,8.0,https://www.imdb.com//title/tt0381681/,1h 20m,Drama,Richard Linklater,https://www.imdb.com/name/nm0000500/?ref_=tt_ov_dr,"['Before Midnight', 'Boyhood', 'A Scanner Darkly']"
The Best Years of Our Lives,1946,8.0,https://www.imdb.com//title/tt0036868/,2h 50m,Drama,William Wyler,https://www.imdb.com/name/nm0943758/?ref_=tt_ov_dr,"['Ben-Hur', 'Roman Holiday', 'The Big Country']"
The Incredibles,2004,8.0,https://www.imdb.com//title/tt0317705/,1h 55m,Animation,Brad Bird,https://www.imdb.com/name/nm0083348/?ref_=tt_ov_dr,"['Ratatouille', 'Incredibles 2', 'The Iron Giant']"
To Be or Not to Be,1942,8.0,https://www.imdb.com//title/tt0035446/,1h 39m,Comedy,Ernst Lubitsch,https://www.imdb.com/name/nm0523932/?ref_=tt_ov_dr,"['The Shop Around the Corner', 'Heaven Can Wait', 'Ninotchka']"
Rebecca,1940,8.0,https://www.imdb.com//title/tt0032976/,2h 10m,Drama,Alfred Hitchcock,https://www.imdb.com/name/nm0000033/?ref_=tt_ov_dr,"['North by Northwest', 'Vertigo', 'The Birds']"
The Grapes of Wrath,1940,8.0,https://www.imdb.com//title/tt0032551/,2h 9m,Drama,John Ford,https://www.imdb.com/name/nm0000406/?ref_=tt_ov_dr,"['The Grapes of Wrath', 'Stagecoach', 'The Man Who Shot Liberty Valance']"
La battaglia di Algeri,1966,8.0,https://www.imdb.com//title/tt0058946/,2h 1m,Drama,Gillo Pontecorvo,https://www.imdb.com/name/nm0690597/?ref_=tt_ov_dr,"['Ogro', 'Kapò', 'Queimada']"
Hachi: A Dog's Tale,2009,8.0,https://www.imdb.com//title/tt1028532/,1h 33m,Biography,Lasse Hallström,https://www.imdb.com/name/nm0002120/?ref_=tt_ov_dr,"['Chocolat', 'Dear John', 'Mitt liv som hund']"
Cool Hand Luke,1967,8.0,https://www.imdb.com//title/tt0061512/,2h 7m,Crime,Stuart Rosenberg,https://www.imdb.com/name/nm0742341/?ref_=tt_ov_dr,"['Question 7', 'The Defenders', 'The Amityville Horror']"
Amores perros,2000,8.0,https://www.imdb.com//title/tt0245712/,2h 34m,Drama,Alejandro G. Iñárritu,https://www.imdb.com/name/nm0327944/?ref_=tt_ov_dr,"['The Revenant', 'Birdman or (The Unexpected Virtue of Ignorance)', 'Babel']"
Pirates of the Caribbean: The Curse of the Black Pearl,2003,8.0,https://www.imdb.com//title/tt0325980/,2h 23m,Action,Gore Verbinski,https://www.imdb.com/name/nm0893659/?ref_=tt_ov_dr,"['Pirates of the Caribbean: The Curse of the Black Pearl', 'A Cure for Wellness', ""Pirates of the Caribbean: At World's End""]"
Les quatre cents coups,1959,8.0,https://www.imdb.com//title/tt0053198/,1h 39m,Crime,François Truffaut,https://www.imdb.com/name/nm0000076/?ref_=tt_ov_dr,"['Close Encounters of the Third Kind', 'Jules et Jim', 'Les quatre cents coups']"
La haine,1995,8.0,https://www.imdb.com//title/tt0113247/,1h 38m,Crime,Mathieu Kassovitz,https://www.imdb.com/name/nm0440913/?ref_=tt_ov_dr,"['La haine', 'The Fifth Element', 'Les rivières pourpres']"
Persona,1966,8.0,https://www.imdb.com//title/tt0060827/,1h 25m,Drama,Ingmar Bergman,https://www.imdb.com/name/nm0000005/?ref_=tt_ov_dr,"['Smultronstället', 'Det sjunde inseglet', 'Fanny och Alexander']"
Dersu Uzala,1975,8.0,https://www.imdb.com//title/tt0071411/,2h 22m,Adventure,Akira Kurosawa,https://www.imdb.com/name/nm0000041/?ref_=tt_ov_dr,"['Kagemusha', 'Ran', 'Tengoku to jigoku']"
Life of Brian,1979,8.0,https://www.imdb.com//title/tt0079470/,1h 34m,Comedy,Terry Jones,https://www.imdb.com/name/nm0001402/?ref_=tt_ov_dr,"['The Meaning of Life', 'Life of Brian', 'The Wind in the Willows']"
Babam ve Oglum,2005,8.0,https://www.imdb.com//title/tt0476735/,1h 52m,Drama,Cagan Irmak,https://www.imdb.com/name/nm1463981/?ref_=tt_ov_dr,"['Issiz Adam', 'Ulak', 'Dedemin Insanlari']"
It Happened One Night,1934,8.0,https://www.imdb.com//title/tt0025316/,1h 45m,Comedy,Frank Capra,https://www.imdb.com/name/nm0001008/?ref_=tt_ov_dr,"['It Happened One Night', ""You Can't Take It with You"", 'Mr. Smith Goes to Washington']"
The Sound of Music,1965,8.0,https://www.imdb.com//title/tt0059742/,2h 52m,Biography,Robert Wise,https://www.imdb.com/name/nm0936404/?ref_=tt_ov_dr,"['The Sound of Music', 'The Andromeda Strain', 'Star Trek: The Motion Picture']"
Ah-ga-ssi,2016,8.0,https://www.imdb.com//title/tt4016934/,2h 25m,Drama,Park Chan-wook,https://www.imdb.com/name/nm0661791/?ref_=tt_ov_dr,"['Ah-ga-ssi', 'Bakjwi', 'Gongdong gyeongbi guyeok JSA']"
Aladdin,1992,8.0,https://www.imdb.com//title/tt0103639/,1h 30m,Animation,Ron Clements,https://www.imdb.com/name/nm0166256/?ref_=tt_ov_dr,"['Aladdin', 'Moana', 'The Princess and the Frog']"
Gandhi,1982,8.0,https://www.imdb.com//title/tt0083987/,3h 11m,Biography,Richard Attenborough,https://www.imdb.com/name/nm0000277/?ref_=tt_ov_dr,"['Gandhi', 'The Great Escape', 'The Sand Pebbles']"
Jai Bhim,2021,8.0,https://www.imdb.com//title/tt15097216/,2h 44m,Crime,T.J. Gnanavel,https://www.imdb.com/name/nm4377096/?ref_=tt_ov_dr,"['Kootathil Oruthan', 'Payanam', 'Dhoni']"
The Help,2011,8.0,https://www.imdb.com//title/tt1454029/,2h 26m,Drama,Tate Taylor,https://www.imdb.com/name/nm0853238/?ref_=tt_ov_dr,"['The Help', 'The Girl on the Train', 'Ma']"
Beauty and the Beast,1991,8.0,https://www.imdb.com//title/tt0101414/,1h 24m,Animation,Gary Trousdale,https://www.imdb.com/name/nm0873779/?ref_=tt_ov_dr,"['Beauty and the Beast', 'Atlantis: The Lost Empire', 'The Lion King']"
